name,review_count,type,user_id
A,1,user,LVc6c7dS2EtO7PY4MfKcEg
A,1,user,Xuvj2Fq6c3mCmplVG7h21w
A,1,user,Ez8ugc0Y1vAXpCFt-HrBQg
A,1,user,0BPd1CJYJJoK4BewZFC5dg
A,1,user,ckav1I3Pz63OqYXPdmqZ5A
A,1,user,frf7yJH7m_gKJn1VFajRJw
AJ,1,user,cAsTM5FEzfoQjuRifiWtNA
AJ,1,user,kWQnYNz0lt9u6QbjVGCQlg
AZFoodie,1,user,LGZtdWnod3KCv81M6ululQ
Aaron,1,user,zFjBXhomTvqOFahNXyYb4Q
Aaron,1,user,iczYq2yzfhfDGd6tzi0X3Q
Aaron,1,user,bb1rbtX-PzSYpb57isi9Ow
Aaron,1,user,1qszeksKj0K5S4TtSvAXVg
Aaron,1,user,DCoD_L1uWDIvKem_dm2hiQ
Aaron,1,user,WOexlVXE9yQVfzjjYchHxw
Aaron,1,user,whSgnmOu1VT5KCTkoBa2_A
Abby,1,user,BQ2yuxT1SClVhIgl9iBLLg
Abe,1,user,493UgIhxwnwlWjiMeP1ZTg
Abe,1,user,ddE8QpXnvdSVS0cH1am9Bw
Abril,1,user,Icrpwk70fGHwVBAjwPYF5A
Acea,1,user,TvivyYguqZSse8BZLgIO0Q
Adam,1,user,LqAAkpuq4uvzQhV4kBy_cg
Adam,1,user,9bRg6qE32dJ8RuVX1DOIFA
Adam,1,user,4xP_6GHeJqc54ceWKYyWAg
Adam,1,user,79f38I3_GgMYbBNOmKAg-g
Adam,1,user,jbBtucjJcLcWv1tCIW2Fmw
Adrian,1,user,A2PZYUViHxJRQgTYFDhU3w
Adrian,1,user,JbEUL3sYEFHF3EyFf3Mntw
Adrienne,1,user,FJ9wsd_Dvarm01KWrM8vHg
Adryan,1,user,CsNYbfeRNmIHaLHGFhKyRQ
Aimee,1,user,2AmHUprMzLJd2FQZvJAXkQ
Al,1,user,Fzs6SUltmAK8UCZfTU0e-A
Al,1,user,UATNDhWu_mQQJCC9dkDqmQ
Alan,1,user,JjMCM8Ay6FFhlEe_4WC-dg
Alan,1,user,WxZ50CuVSNtMjUNvEA5FxA
Alan,1,user,jCyukePnugkyAg3N117RJA
Alanna,1,user,T2BJv6f1NCMAhYPi8oB6UQ
Alastair,1,user,q9qg_qGEdU_h3TCUcW6Ekg
Albino,1,user,w7AEjsQqHEGX2QXEHiKo3A
Alex,1,user,b7Yn8hxEsLBi7prFebP8NQ
Alex,1,user,h3K3om-wnFrIWZAyXvwwnw
Alex,1,user,ed_k_b2z0d5B0wi6WBZTgw
Alex,1,user,d23ZT8ypF5arxcofAN6IMg
Alex,1,user,lz3Ej2hKs0aAFok9oEGflg
Alexander,1,user,kUGo4y_Ir_sF3S2Z0OA-TQ
Alexander,1,user,qF_dIjMpWnQkpcLA02qgTA
Alexandra,1,user,2Bsiq7_Cv7C_4cWJdoXL-A
Alexis,1,user,BKCd7pceKPsbXggDzc9Aqw
Ali,1,user,Qh1Bevtuzz2MVSMA5BDGAQ
Ali,1,user,dr6xcBbihOj1u1lJEv2IIg
Alisa,1,user,bvLZT9eaXqNY6W8J40-RUA
Alisann,1,user,unrCrAzHXIImqKcQoVe3wA
Allee,1,user,vZUPxZpbkh0lw18tpDaquA
Allison,1,user,2KyVDkX2UsYmKFTS8NKzrw
Allison,1,user,605dPaBEoyYdg4VnMEtroA
Ally,1,user,cl6XTyYKwBvglx1Wh39u5Q
Aly,1,user,NrxaJbO8tzhPkW4PEXhLWQ
Alysha,1,user,CG7gI3OZnmNTkakZ0-ObQQ
Alyssa,1,user,YTPw7ORaMnf4UmsCn3TVMQ
Amanda,1,user,LNXsC82x7qX3KRVzVxGaxA
Amanda,1,user,17M2tE-ih39n4Cud35ahZw
Amanda,1,user,Bf_6celpJwzaq3LydVBAIg
Amanda,1,user,oSvSd2jABPxX9QIUb0fdzw
Amanda,1,user,pwzGlt2XhdjmvJgAkzI-Pg
Amanda,1,user,rFnCTj2yStb7gJ8V0Cefnw
Amanda,1,user,u1uYacfEttQG0ySF0EvNvw
Amber,1,user,BV479vtDpLcLe3FGNG4cqQ
Amber,1,user,8ZEGghZE7pQysI-hCfKFaw
Amelia,1,user,wxs3XUwGFwfQl7DkK9-hpQ
Amiel,1,user,P4fT2wIOtFp8epgO-JxFaQ
Ammar,1,user,iTvgRLZwEhpf41FRDmmoWg
Amy,1,user,KkqurDcPQMp38hdh8Qx2sg
Amy,1,user,uHNegnXmRyuNQrSWVN8NMQ
Amy,1,user,fAdgq2a-vT0nwCtlCPwcWw
Amy,1,user,vEo-Q2_okt6ff_WWmXmUrQ
Amy,1,user,ABWwFIIeYetFAmvDvIpODA
Amy,1,user,IlncelYv3U1TucLVboS1SQ
Amy,1,user,M-al1YKFR_nGJXW6ghCCKA
Amy,1,user,UQMmFJPV1b-r4TYxoxi5-g
Amy,1,user,WFurST7cwwq994X_T-CxGA
Ana,1,user,557_S400_TnnSLKo-r3lHA
Ana,1,user,5JEZOm5zH3m7lSZI3Luhvg
Ana,1,user,l49SHe_ZMBbNfyKYSTjNBw
Ana,1,user,mxr8p-Oex5zQY5qIs07Jpg
Anabel,1,user,2DqdetKR67n1peO_kTMqdg
Andi,1,user,hjuC3wA8oT5jOlObyCRDaQ
Andrea,1,user,4S8YadXWJZHSUmAwBBGvtw
Andrea,1,user,IP_wqDTvlGelQWJL6ju0IA
Andrea,1,user,LWcxH2jE5q6T-AuipqXsiA
Andrew,1,user,-NW1dIJhIJ8xPYf-N7iMDQ
Andrew,1,user,Ai1hlu9iZstormWtfR6wzQ
Andrew,1,user,JSW2bTHt190WJDMT-Xyx6Q
Andrew,1,user,uU-Wci9HaDMJe6VG4lA1dw
Andrew,1,user,-oahmUMrjTd3YUw9bXinpw
Andrew,1,user,8yPgtEs121QzQC385XcWcA
Andrew-Mallory,1,user,Eh5Wt0Bt-ACLZLzbB9e4MQ
Andy,1,user,8CkH7itzSz--5GI2C_HDCQ
Andy,1,user,NMorkKAQXkp-f0FGwKvGjQ
Andy,1,user,PaIJ7Eo7M5tMbYIcOAVU2A
Andy,1,user,orDK2SFM39xoeXg-pOQAzw
Ang,1,user,shz2VMaxz_lu-nvwtCTM0A
Angela,1,user,SuQ6TgHcidlkYgFi2H5goQ
Angela,1,user,ZWI8hSYVVhkP2TIHWcQsNw
Angela,1,user,DmiLn29S1eBgfKvTCUebxw
Angela,1,user,Lh8wFwhC4JL2q50ecCvkZw
Angelica,1,user,jb8lgImv6Cz8hJUWMX3Z4w
Angelica,1,user,vv3Hl_fb3TE2-9kMC0ZSow
Angelina,1,user,Gr729k1vAYngkzhjhssLow
Angelo,1,user,ijyMigU3KOdBk4TAZtFqEA
Anita,1,user,Ri1-rUNYMz_QrJZlW4MnsQ
Ann,1,user,C4Swd39fctwf7AByxRtZ4w
Ann,1,user,x7uigX06lBpx9KuYtx2DGg
Ann,1,user,Tfo8iklp8NYQZAqkkwz4ig
Ann,1,user,ZMMp6Ibj_LJ5aPQiv_G0pg
Anna,1,user,zoTIJgYhx5_yrnQyQTQ2Og
Anne,1,user,5EzA9NxYCBwwrPN9-WJXHw
Anne,1,user,hPZ7NTO-kxL2PYIDHexadg
Annette,1,user,tt2pTaY5d_4b9NAEIAIqFQ
Anon,1,user,q3l9KPVXPXJe-DmAqZBvlw
Anthony,1,user,gAfGX5TaetLCQRyBcRaMfA
Anthony,1,user,2p_GzTKwkVYSJDTmHTqg9A
Antonio,1,user,Q7Juw2aHICYyOJpctyXHJQ
April,1,user,UPcij0E3rrh3I3-KOgn0ow
April,1,user,nSloAR6e4xjBPHtimCyrZw
Aran,1,user,pncgUwD50kP3opaet_P-Dw
Arian Heather,1,user,0BJkPht7m8N2TdhCM4bS_A
Armando,1,user,6O9JEjAbXojH8LjeL8G3fA
Arnold,1,user,7p3W9HbgVt6GWm0YjWiTLg
Arvina,1,user,1lu52_aMAfaGhL8rtFkRnQ
Ashlee,1,user,jFsUCCl05boRrloNOqxJog
Ashley,1,user,F6mnTdzZ5gMLgaAYu-EGuQ
Ashley,1,user,EWn1gr3fOAJIZWj08ThqRw
Ashley,1,user,LncLMmxeMukgCN-jrQMXPg
Ashley,1,user,X0a19GmV2PWat9h0G8lgcg
Ashley,1,user,ghaRRzq61gPkh7XKoMZ2Cg
Ashley,1,user,ilXn27k5rpiX1xBC8MoNBw
Asja,1,user,eDyVWDYLg4SqtGiINd-y4w
Asthma,1,user,bwncB5jIVFMZDDq6pquJgw
Aubrey,1,user,-DWgqRiqHw-V7HCUanA2XQ
Auggie,1,user,a5h5suwBFXGelHizLxPizQ
Aurora,1,user,ruk8DcGtMVeyNQOk5APg2A
Austin,1,user,39ey7WVtdq9VTTv9u5hdHg
B,1,user,3j6f5hwdmlWfTM35Ln7-EQ
B,1,user,VpRR1mcbK4FahWifr2mpYQ
B,1,user,WaSXbW_dlLAuiou-WIEGpQ
B,1,user,YAwARntXi8CVL7tO7hOprw
B.,1,user,P4DYxXztzTiWUQ5WiLya7g
Barbara,1,user,bfZQOu5kgyEOV5HjTQTGvA
Barbie,1,user,FLtIvthFtPUlc1204LHAJQ
Bart,1,user,8VFdsXXEbOfIPu-qdXfLKw
Baylee,1,user,NPdkjv5aqG0mFw3TYYxblA
Becca,1,user,cqs3xx80X5TwhlqFA6fZlQ
Becky,1,user,NRndQo7N67nk2LPuhc8Qag
Bee,1,user,U-j_LlehLg9KYlMFXMT-FA
Ben,1,user,BowA9GzCm38QimHIv14gXQ
Ben,1,user,QfLSp5KBBh-7NdToFUwgdw
Benjamin,1,user,uqKtvJwHPxiScC4ubWAe-Q
Benjamin,1,user,BE7FrN6GRhrjXCD4Raan0A
Benjamin,1,user,jZetqHK7QA_CEvlDBT70yA
Bernie,1,user,gxsLMrH0Dc4jLGkaDpoZNg
Bert,1,user,3_24rxxQWY03udroBwy7BA
Beth,1,user,0VrL7ICSmzWErJQ5KUXphA
Beth,1,user,0tMfd4KWXC5y3pCN4v9rFQ
Beth,1,user,WcHTELWpADVVb-h3tIfVDg
Bethany,1,user,WYcS1-E2O9cKM-e4jUC-4A
Betsey,1,user,iDeTcDhSKDg67Nqu18augQ
Betty,1,user,AI_r_H50lSC_UprdJaYHVQ
Bianco's Italian,1,user,b7sl2ExdXAtyY6SL5ZQf9A
Bill,1,user,O6JE15TAVtp_dcP2MCvISQ
Bill,1,user,7okgh9rSJWfv3ZBXDMGauA
Bill,1,user,T1rNyljfBNJKimLMtP03_A
Bill,1,user,xsKSm-cnOAz9YgMwYgxQiQ
Billy,1,user,1uf7yBktiSOTNm7w-WvMzQ
Black Dog Bail Bonds,1,user,uuXWtH-XlfjXWv0MkH8USg
Blake,1,user,ushY4-xrl8uRyhrYKZabPQ
Bob,1,user,1knC8ObARaWcGd9vU6PlTQ
Bob,1,user,Uf3P3ug4SXNMdVavc0AVTg
Bob,1,user,sFgpVVRkMf6i2P-Ohki8Uw
Bob,1,user,VW2bXNVBUK4C-9ME2MPEgw
Bob,1,user,ptfCVpjE-PHA1XAWUkvssQ
Bob,1,user,Hm_7pViZyrp_Z62lBRopAg
Bob,1,user,IfEADO4Cw8lUxtI52_0RVw
Bobbi,1,user,fbUIWFsOeUnCqOleUmfxMw
Bobby,1,user,unZl1jt4bGc7FHY-pPdy0A
Bobby,1,user,I0AA_IzOrUQoHt8zXo8oAA
Bobby,1,user,6CgPyCJXjZinTNqpV_et5A
Brad,1,user,gffebzYEgwulvJMgJs741Q
Brad,1,user,vjri55-I-_plqk13H_e8MQ
BradandAimee,1,user,3FeV-V6yB7p_IjZll4jkRg
Bradley,1,user,KhJuAr5FusgJpoT52yg53Q
Brady,1,user,UieQm0bKJym4WaqpYPmkag
Brandon,1,user,4BYOcdMbMVo_8oC1FFRIhg
Brandon,1,user,NUkcr9_FTofXwgrXq1Fjfg
Brandon,1,user,rNyBuNZR7R3IKXRfRLg7XQ
Brandy,1,user,ZuclMgxxm0FMQgNOVCVOQw
Breanna,1,user,LRn_qx2_3qKPnT0us5cUJQ
Breena,1,user,zAyXYsxyw1lRhOJbwU415w
Brendan,1,user,aUvTRxpqgCrEoY5YIfdP3A
Brenley,1,user,B_JDdlT8dGrt9bQa1YLqBQ
Brenna,1,user,2KhwZF0LGVJ1Ii6tGX8vbA
Brent,1,user,30V4eI28nyj_OhrFeqlEJQ
Brent,1,user,IWeNEe7WaWvgYMQMSG0Elg
Brent,1,user,od4AtcK7M9IAHni-f7MP8A
Brett,1,user,D30Zx1lFfgOPsFJDA5WgTA
Brett,1,user,opqJbeZxiPIKfm3aMGUXrw
Brian,1,user,BqjzhOFahE5Jci9Hf9OqpQ
Brian,1,user,HjSaFiVvfjmpaPo54-czPw
Brian,1,user,NBizGy5pv9_2dELahL5NtQ
Brian,1,user,O9m2PzdpwN8IguQt_NIoRw
Brian,1,user,VOVc2-vNpwd2IAe2xqy9wQ
Brian,1,user,AD0BWdkDn7RrskLfvJfDtw
Brian,1,user,Fy18eOZM4y3OhuGYCjVhIw
Brian,1,user,MljAO9FipC0Bqinp_I6hsA
Brian,1,user,pg5mlkpJMpyMTfnY4B3RPA
Brian,1,user,v452cxpgHpDYU2gMax-0mQ
Briana,1,user,CMjDbyUf8I-o9bPlCVJPrg
Bridget,1,user,6mz9bJP_KzEzUiO-s0tLIQ
Bridget,1,user,UPQ3DR3Pq8mfwSRHfke0zA
Brit,1,user,cRdwNYbaMu6ZoNPJjrtTgg
Brittany,1,user,hYEbImJIMyQLHyDhkZ9GbQ
Brittany,1,user,vx_3m8sTIRlM35J04Ms3hw
Brittany,1,user,cxHXSWrvuDqvZwfygUqkug
Brittany,1,user,FSzjb6tfPSAPsBod-QQgWw
Brittany,1,user,DphQdGJ1_R2-hUiDV1Pa7w
Brittany,1,user,Yd2EYrXC2ZtpDi6nOGQbZg
Bruce,1,user,7A5n9dNlWt-iXCAN5-E6wQ
Bruce,1,user,sRyBdtyZQ1_L2--B3Hc5Fg
Bryan,1,user,E2-sEWqMBtZeEgj7QlHqyQ
Bryan,1,user,Yvv9ExElK0_11eAz8SG31A
Bryan,1,user,E3BWpduzv3fx_MVEcIzPIA
Buttercup,1,user,IReVErBRC0YoR9hJTXpFJg
Byron,1,user,qOXZMEtvCddW5-WS6lIMdA
C,1,user,2FvHAGHZSGRnALIhyucLUw
C,1,user,rmSwrc-BU4lWPFi3x2oP2w
C,1,user,FhOv1ibqDl41EvTdTJ8lKw
C,1,user,tdTLbQb0AC0eFG65eQR_Ow
C,1,user,GXDPD_J5ARPZ7siCFRt4-Q
C,1,user,7b3qPA65aU8sMkGXvfA6aA
C,1,user,ByMIaGmO5xoTsM_HkiNQMg
C,1,user,aKgfu1bRwcyh761FpNWUqg
C,1,user,fcVtqrRFgnVYEUYwHC3tQg
C.K.,1,user,poEEsl74JdDcBcAvx1d0Fg
Caity,1,user,sWLOsn7K_-5LbmlAWHaBxw
Cali,1,user,q34XUuG9MuY-kPi8i2IxCA
Calvin,1,user,HD2T2utzuHfPeAlC8XbR_Q
Carie,1,user,DRibSntSkXjhUmDShTmsbA
Carissa,1,user,gMBsvYUUnpjTc3-Hb4L9Sw
Carl,1,user,K6FdybXs1wm_Y1I7BK7v9w
Carl,1,user,4-vqvmeW0YQYOaCmJTGh4w
Carla,1,user,P2pVOSII-Sjz5LOfmYKXvA
Carlos,1,user,KiByzOieG4KRlwEomYLKag
Carlos,1,user,MPdczpPF_v-iawMxih2-mg
Carmen,1,user,ik8JBQWrX-_84DCGdnkkgw
Carol,1,user,-2184WqeFBkar4rN1KzbzQ
Carol,1,user,jJWxSrEK5faGu1RSSDfI9A
Caroline,1,user,gNWiLYE28tGqZ5MG1-GH_A
Casey,1,user,rCxhcOEkQo25Miwx8vFh6A
Cat,1,user,ttlhFU6dmiB84bJuNEq34w
Catherine,1,user,Fw7CF_v4U_hWWaws9H_DVg
Catherine,1,user,hHj8teq_d7I-wBE8R0HBdw
Cathy,1,user,hkUy66o7tcABmcm6ZcClng
Cece,1,user,16V3PoVDEoUQ5MC-0_kZ8A
Cecilia,1,user,F5XbounvntkXUhyjenYeCQ
Celeste,1,user,oN6_qBYsL6hcGA0xJNULOA
Celeste,1,user,8F_Z0JF86NlyLUIMJnDojg
Chad,1,user,WefpnyFUItbvLZSbpXV7cg
